{
  "design": "paired",
  "n_pairs": 44,
  "judge": "gpt-5.6-sol",
  "score_range": [
    1,
    100
  ],
  "multiple_testing_correction": "Holm, family size 5",
  "dimensions": {
    "readability": {
      "paired_mean_difference": 0.5681818181818182,
      "paired_median_difference": 0.5,
      "wins": 22,
      "ties": 12,
      "losses": 10,
      "wilcoxon_statistic": 169.0,
      "wilcoxon_p_two_sided": 0.07282429675260932,
      "holm_adjusted_p": 0.07282429675260932,
      "inject_mean": 92.70454545454545,
      "inject_sample_sd": 1.4399538987217524,
      "baseline_mean": 92.13636363636364,
      "baseline_sample_sd": 1.3740266591454051
    },
    "constructiveness": {
      "paired_mean_difference": 2.227272727272727,
      "paired_median_difference": 3.0,
      "wins": 33,
      "ties": 3,
      "losses": 8,
      "wilcoxon_statistic": 180.5,
      "wilcoxon_p_two_sided": 0.0011591732008869584,
      "holm_adjusted_p": 0.004636692803547834,
      "inject_mean": 89.63636363636364,
      "inject_sample_sd": 3.020017781334601,
      "baseline_mean": 87.4090909090909,
      "baseline_sample_sd": 3.1202130354980855
    },
    "correctness": {
      "paired_mean_difference": 2.522727272727273,
      "paired_median_difference": 2.0,
      "wins": 29,
      "ties": 2,
      "losses": 13,
      "wilcoxon_statistic": 266.0,
      "wilcoxon_p_two_sided": 0.020206280022647426,
      "holm_adjusted_p": 0.04041256004529485,
      "inject_mean": 82.31818181818181,
      "inject_sample_sd": 7.5722035356148485,
      "baseline_mean": 79.79545454545455,
      "baseline_sample_sd": 8.122834725305571
    },
    "coverage": {
      "paired_mean_difference": 7.090909090909091,
      "paired_median_difference": 10.0,
      "wins": 33,
      "ties": 0,
      "losses": 11,
      "wilcoxon_statistic": 163.5,
      "wilcoxon_p_two_sided": 0.0001087088886451352,
      "holm_adjusted_p": 0.000543544443225676,
      "inject_mean": 82.36363636363636,
      "inject_sample_sd": 8.13002162270333,
      "baseline_mean": 75.27272727272727,
      "baseline_sample_sd": 7.250865662396637
    },
    "comprehensiveness": {
      "paired_mean_difference": 3.909090909090909,
      "paired_median_difference": 4.0,
      "wins": 30,
      "ties": 6,
      "losses": 8,
      "wilcoxon_statistic": 153.5,
      "wilcoxon_p_two_sided": 0.0016298239984003846,
      "holm_adjusted_p": 0.0048894719952011535,
      "inject_mean": 86.3409090909091,
      "inject_sample_sd": 4.865364929634784,
      "baseline_mean": 82.43181818181819,
      "baseline_sample_sd": 5.752240118838748
    }
  },
  "case_ids": [
    "cot_chatgpt_bad_data_1",
    "cot_chatgpt_bad_data_2",
    "cot_chatgpt_code_diff_1",
    "cot_chatgpt_code_diff_2",
    "cot_chatgpt_code_diff_3",
    "cot_chatgpt_code_diff_4",
    "cot_chatgpt_code_diff_5",
    "cot_chatgpt_code_diff_6",
    "cot_chatgpt_only_code_1",
    "cot_chatgpt_only_code_10",
    "cot_chatgpt_only_code_11",
    "cot_chatgpt_only_code_12",
    "cot_chatgpt_only_code_13",
    "cot_chatgpt_only_code_14",
    "cot_chatgpt_only_code_2",
    "cot_chatgpt_only_code_3",
    "cot_chatgpt_only_code_4",
    "cot_chatgpt_only_code_5",
    "cot_chatgpt_only_code_6",
    "cot_chatgpt_only_code_7",
    "cot_chatgpt_only_code_8",
    "cot_chatgpt_only_code_9",
    "cot_copilot_bad_data_1",
    "cot_copilot_bad_data_2",
    "cot_copilot_code_diff_1",
    "cot_copilot_code_diff_2",
    "cot_copilot_code_diff_3",
    "cot_copilot_code_diff_4",
    "cot_copilot_code_diff_5",
    "cot_copilot_code_diff_6",
    "cot_copilot_only_code_1",
    "cot_copilot_only_code_10",
    "cot_copilot_only_code_11",
    "cot_copilot_only_code_12",
    "cot_copilot_only_code_13",
    "cot_copilot_only_code_14",
    "cot_copilot_only_code_2",
    "cot_copilot_only_code_3",
    "cot_copilot_only_code_4",
    "cot_copilot_only_code_5",
    "cot_copilot_only_code_6",
    "cot_copilot_only_code_7",
    "cot_copilot_only_code_8",
    "cot_copilot_only_code_9"
  ],
  "conditions": {
    "A_inject": "multi_irrelevant_fixed (three fixed irrelevant rules injected via extra_rules)",
    "B_baseline": "multi_rag_off (identical rag-off pipeline, no injection)"
  },
  "difference_direction": "inject minus baseline"
}
