{
  "design": "paired",
  "n_pairs": 44,
  "judge": "gpt-5.6-sol",
  "score_range": [
    1,
    100
  ],
  "multiple_testing_correction": "Holm, family size 5",
  "dimensions": {
    "readability": {
      "rag_on_mean": 92.0909090909091,
      "rag_on_sample_sd": 1.5524651337609294,
      "rag_off_mean": 92.13636363636364,
      "rag_off_sample_sd": 1.3740266591454051,
      "paired_mean_difference": -0.045454545454545456,
      "paired_median_difference": 0.0,
      "wins": 14,
      "ties": 13,
      "losses": 17,
      "wilcoxon_statistic": 230.5,
      "wilcoxon_p_two_sided": 0.7249825147894677,
      "holm_adjusted_p": 1.0
    },
    "constructiveness": {
      "rag_on_mean": 86.86363636363636,
      "rag_on_sample_sd": 2.9142066541055356,
      "rag_off_mean": 87.4090909090909,
      "rag_off_sample_sd": 3.1202130354980855,
      "paired_mean_difference": -0.5454545454545454,
      "paired_median_difference": 0.0,
      "wins": 16,
      "ties": 9,
      "losses": 19,
      "wilcoxon_statistic": 255.0,
      "wilcoxon_p_two_sided": 0.3234898977624918,
      "holm_adjusted_p": 1.0
    },
    "correctness": {
      "rag_on_mean": 77.45454545454545,
      "rag_on_sample_sd": 9.056552415188056,
      "rag_off_mean": 79.79545454545455,
      "rag_off_sample_sd": 8.122834725305571,
      "paired_mean_difference": -2.340909090909091,
      "paired_median_difference": 0.0,
      "wins": 21,
      "ties": 4,
      "losses": 19,
      "wilcoxon_statistic": 346.5,
      "wilcoxon_p_two_sided": 0.39256143515031683,
      "holm_adjusted_p": 1.0
    },
    "coverage": {
      "rag_on_mean": 74.06818181818181,
      "rag_on_sample_sd": 7.0855165975774455,
      "rag_off_mean": 75.27272727272727,
      "rag_off_sample_sd": 7.250865662396637,
      "paired_mean_difference": -1.2045454545454546,
      "paired_median_difference": -0.5,
      "wins": 20,
      "ties": 2,
      "losses": 22,
      "wilcoxon_statistic": 376.5,
      "wilcoxon_p_two_sided": 0.34792642320442,
      "holm_adjusted_p": 1.0
    },
    "comprehensiveness": {
      "rag_on_mean": 81.72727272727273,
      "rag_on_sample_sd": 6.051575371920076,
      "rag_off_mean": 82.43181818181819,
      "rag_off_sample_sd": 5.752240118838748,
      "paired_mean_difference": -0.7045454545454546,
      "paired_median_difference": -2.0,
      "wins": 17,
      "ties": 3,
      "losses": 24,
      "wilcoxon_statistic": 337.0,
      "wilcoxon_p_two_sided": 0.22468261223864627,
      "holm_adjusted_p": 1.0
    }
  },
  "case_ids": [
    "cot_chatgpt_bad_data_1",
    "cot_chatgpt_bad_data_2",
    "cot_chatgpt_code_diff_1",
    "cot_chatgpt_code_diff_2",
    "cot_chatgpt_code_diff_3",
    "cot_chatgpt_code_diff_4",
    "cot_chatgpt_code_diff_5",
    "cot_chatgpt_code_diff_6",
    "cot_chatgpt_only_code_1",
    "cot_chatgpt_only_code_10",
    "cot_chatgpt_only_code_11",
    "cot_chatgpt_only_code_12",
    "cot_chatgpt_only_code_13",
    "cot_chatgpt_only_code_14",
    "cot_chatgpt_only_code_2",
    "cot_chatgpt_only_code_3",
    "cot_chatgpt_only_code_4",
    "cot_chatgpt_only_code_5",
    "cot_chatgpt_only_code_6",
    "cot_chatgpt_only_code_7",
    "cot_chatgpt_only_code_8",
    "cot_chatgpt_only_code_9",
    "cot_copilot_bad_data_1",
    "cot_copilot_bad_data_2",
    "cot_copilot_code_diff_1",
    "cot_copilot_code_diff_2",
    "cot_copilot_code_diff_3",
    "cot_copilot_code_diff_4",
    "cot_copilot_code_diff_5",
    "cot_copilot_code_diff_6",
    "cot_copilot_only_code_1",
    "cot_copilot_only_code_10",
    "cot_copilot_only_code_11",
    "cot_copilot_only_code_12",
    "cot_copilot_only_code_13",
    "cot_copilot_only_code_14",
    "cot_copilot_only_code_2",
    "cot_copilot_only_code_3",
    "cot_copilot_only_code_4",
    "cot_copilot_only_code_5",
    "cot_copilot_only_code_6",
    "cot_copilot_only_code_7",
    "cot_copilot_only_code_8",
    "cot_copilot_only_code_9"
  ]
}
